Max_Phase,#RO5 Violations,QED Weighted,CX LogP,CX LogD,Heavy Atoms
0,0,0.91,2.05,0.62,21
0,2,0.16,1.51,-0.41,48
0,2,0.2,5.05,3.27,46
0,0,0.53,3.21,3.21,24
0,1,0.14,2.8,2.8,37
0,0,0.42,1.6,1.55,35
0,0,0.58,4.69,4.13,34
0,0,0.88,3.09,2.22,20
0,0,0.5,1.36,1.36,32
0,0,0.61,-1.09,-1.09,15
0,0,0.32,2.88,2.88,30
0,0,0.4,-1.57,-1.6,20
0,0,0.54,3.66,2.53,34
0,2,0.13,5.6,5.59,40
0,0,0.69,1.61,1.59,26
0,0,0.74,0.5,0.03,13
0,0,0.59,3.89,3.89,22
0,0,0.72,2.34,0.61,24
0,0,0.79,2.71,2.67,20
0,1,0.57,4.38,3.25,35
0,1,0.71,6.11,6.11,28
0,1,0.35,3.58,3.15,44
0,0,0.76,1.62,-0.62,26
0,0,0.79,3.9,3.9,22
0,1,0.34,5.72,5.12,34
0,2,0.05,-3.35,-9.93,43
0,0,0.59,-0.79,-2.14,20
0,0,0.63,3.41,3.41,25
0,0,0.64,0.87,-0.51,27
0,0,0.71,1.69,1.69,24
0,0,0.49,3.81,2.64,34
0,2,0.17,1.17,0.82,44
0,0,0.84,-0.28,-0.33,23
0,0,0.83,0.91,0.9,19
0,0,0.62,-1.75,-2.43,10
0,2,0.28,5.01,5.01,37
0,0,0.44,3.27,3.27,22
0,2,0.1,-1.99,-3.91,35
0,2,0.19,5.61,5.61,38
0,0,0.51,-1.71,-1.72,18
0,1,0.31,-1.56,-2.61,30
0,2,0.28,5.82,1.01,40
0,0,0.59,0.75,0.74,16
0,1,0.33,1.76,1.94,37
0,0,0.7,1.49,1.49,27
0,0,0.76,2.37,2.33,25
0,1,0.36,3.93,2.48,40
0,0,0.8,4.39,4.39,21
0,0,0.87,-0.24,-0.23,26
0,0,0.61,4.18,4.18,24
0,0,0.5,4.3,1.24,23
0,2,0.14,4.42,3.76,48
0,1,0.66,6.35,6.35,24
0,0,0.55,3.16,3.16,29
0,0,0.67,2.47,2.47,33
0,0,0.46,2.17,0.45,34
0,0,0.53,2.74,1.66,30
0,0,0.77,2.9,2.9,20
0,0,0.49,2.5,2.5,26
0,0,0.89,0.47,-1.33,20
0,0,0.67,2.71,2.71,32
0,0,0.51,3.81,2.58,25
0,0,0.31,1.36,0.98,34
0,0,0.47,1.41,1.41,33
0,0,0.65,0.91,0.91,18
0,1,0.63,5.93,5.83,25
0,2,0.17,4.55,4.51,56
0,0,0.68,2.07,2.07,20
0,0,0.87,2.5,1.24,19
0,3,0.05,7.95,7.02,63
0,0,0.72,2.95,2.92,25
0,2,0.29,-2.38,-2.39,26
0,0,0.59,5.11,5.11,28
0,0,0.32,2.22,2.22,25
0,0,0.72,4.57,2.83,28
0,0,0.64,3.06,3.06,26
0,0,0.82,4.19,4.19,30
0,0,0.77,2.55,2.3,21
0,0,0.55,-3.55,-3.56,25
0,0,0.64,3.1,3.21,33
0,0,0.63,2.02,2.02,30
0,1,0.37,4.0,1.77,36
0,0,0.52,3.15,3.15,34
0,1,0.37,4.15,3.32,35
0,0,0.54,4.07,3.91,25
0,0,0.46,4.01,0.61,28
0,0,0.53,3.78,3.78,27
0,0,0.45,2.01,2.01,30
0,0,0.47,4.14,4.14,33
0,0,0.91,2.0,0.91,25
0,0,0.61,1.64,1.64,32
0,0,0.5,4.57,1.43,29
0,0,0.47,3.3,3.3,30
0,0,0.78,-0.48,-3.65,17
0,0,0.67,2.84,2.84,26
0,1,0.34,3.22,2.9,36
0,0,0.64,2.06,1.52,16
0,0,0.78,3.72,3.72,24
0,0,0.85,3.45,3.45,19
0,2,0.2,8.47,8.47,36
0,1,0.4,3.82,3.68,33
0,0,0.24,0.78,0.71,19
0,0,0.59,2.65,2.65,22
0,0,0.87,2.57,2.56,18
0,2,0.16,6.62,3.29,50
0,0,0.42,2.39,2.25,32
0,0,0.58,2.54,2.44,32
0,0,0.85,3.18,3.18,22
0,0,0.43,1.33,0.66,33
0,0,0.6,4.54,4.54,25
0,0,0.45,2.76,2.76,18
0,0,0.67,3.42,0.27,21
0,0,0.6,-0.78,-0.81,28
0,1,0.08,5.55,5.55,31
0,0,0.3,-2.88,-2.88,36
0,0,0.66,1.68,1.51,32
0,0,0.65,2.47,-0.05,27
0,0,0.8,2.16,1.79,26
0,1,0.38,3.27,3.2,37
0,0,0.81,0.5,0.5,27
0,2,0.06,-0.36,-7.59,38
0,0,0.76,0.92,0.9,23
0,0,0.71,3.72,3.72,22
0,0,0.55,0.61,-2.04,26
0,2,0.12,6.47,6.46,45
0,1,0.38,4.75,4.73,33
0,0,0.51,5.67,5.6,25
0,0,0.77,3.36,3.05,24
0,0,0.71,2.95,2.89,23
0,0,0.47,3.52,3.52,29
0,1,0.3,6.98,6.98,32
0,0,0.9,1.99,0.64,20
0,0,0.32,1.72,1.69,20
0,2,0.15,6.95,4.4,41
0,0,0.69,1.52,0.93,32
0,0,0.62,3.55,2.68,28
0,0,0.8,2.1,2.08,29
0,0,0.47,0.31,0.29,22
0,0,0.51,1.24,1.24,29
0,2,0.46,6.24,6.24,38
0,0,0.63,0.29,0.29,29
0,0,0.4,2.31,2.31,34
0,0,0.41,2.07,2.05,29
0,1,0.32,2.46,2.46,40
0,0,0.67,-0.12,-0.57,17
0,0,0.53,3.04,3.04,30
0,1,0.52,4.75,4.75,27
0,2,0.32,3.54,3.61,38
0,0,0.46,1.18,1.09,35
0,0,0.79,2.6,2.59,25
0,1,0.41,4.47,3.77,37
0,0,0.91,4.28,2.33,22
0,0,0.68,1.15,1.02,28
0,1,0.58,5.33,2.67,27
0,2,0.36,4.53,3.38,35
0,0,0.57,2.9,2.7,27
0,0,0.87,3.8,3.21,26
0,0,0.52,2.87,2.2,36
0,0,0.9,3.0,3.0,20
0,1,0.56,4.05,4.05,26
0,2,0.33,6.49,6.48,37
0,0,0.49,4.93,4.93,26
0,1,0.45,3.52,3.52,34
0,2,0.32,4.26,3.61,36
0,0,0.22,2.46,2.11,33
0,0,0.46,2.16,2.16,35
0,0,0.82,4.28,2.94,25
0,1,0.33,4.1,3.85,39
0,0,0.63,3.42,3.41,31
0,0,0.32,-3.01,-3.01,31
0,0,0.44,4.52,4.52,28
0,0,0.6,2.02,2.02,32
0,0,0.39,1.23,4.27,17
0,0,0.52,4.31,4.29,28
0,0,0.42,-2.17,-4.37,17
0,3,0.07,6.87,6.94,63
0,0,0.88,4.25,4.21,26
0,0,0.54,2.85,1.91,34
0,1,0.48,7.16,7.16,28
0,0,0.76,1.51,1.51,16
0,0,0.66,2.86,0.77,25
0,0,0.38,3.88,1.25,33
0,2,0.23,3.82,3.68,42
0,1,0.3,4.89,4.89,38
0,0,0.84,2.02,-0.61,25
0,0,0.77,2.65,2.65,24
0,0,0.9,3.13,-0.41,20
0,0,0.42,3.7,2.2,23
0,0,0.85,2.37,2.37,17
0,1,0.3,3.73,3.73,36
0,0,0.55,3.55,3.4,31
0,0,0.78,2.62,2.62,22
0,0,0.33,4.49,4.49,33
0,1,0.17,4.18,4.13,29
0,1,0.24,5.69,5.68,30
0,2,0.2,5.81,5.81,44
0,0,0.53,2.8,2.72,34
0,2,0.36,3.13,3.05,48
0,0,0.78,3.12,3.12,20
0,0,0.29,4.69,4.6,33
0,0,0.79,2.59,2.59,22
0,0,0.92,0.53,-0.1,21
0,0,0.69,4.56,4.55,21
0,1,0.44,2.65,2.62,39
0,0,0.62,1.68,1.68,16
0,0,0.17,4.81,4.8,34
0,1,0.09,-1.14,-1.14,34
0,0,0.77,2.97,2.97,26
0,1,0.04,5.62,3.64,62
0,0,0.76,4.53,4.53,20
0,0,0.62,2.94,2.74,25
0,0,0.78,1.45,1.45,17
0,0,0.49,2.25,2.25,28
0,0,0.53,2.89,2.89,29
0,0,0.62,3.73,2.71,34
0,2,0.17,7.6,7.59,49
0,0,0.67,2.3,2.25,22
0,0,0.72,4.58,3.55,24
0,0,0.27,3.56,3.54,29
0,0,0.75,3.57,3.57,20
0,2,0.22,6.15,3.62,39
0,0,0.37,3.92,3.92,28
0,3,0.05,7.51,6.73,59
0,0,0.59,1.41,1.4,24
0,0,0.64,3.07,3.06,26
0,0,0.88,3.47,3.47,19
0,0,0.92,3.24,2.81,20
0,0,0.79,1.33,0.04,20
0,2,0.44,4.54,4.32,37
0,0,0.43,1.13,1.13,27
0,1,0.43,-1.39,-1.39,22
0,0,0.64,1.93,0.01,24
0,0,0.71,2.27,2.27,29
0,0,0.62,3.02,-0.14,22
0,0,0.46,3.94,1.12,26
0,0,0.81,3.59,3.59,21
0,0,0.45,-0.98,-3.25,30
0,2,0.08,4.05,4.05,56
0,0,0.85,1.43,1.42,21
0,2,0.2,5.07,5.07,48
0,0,0.57,3.71,3.71,19
0,2,0.27,6.76,4.97,53
0,2,0.18,5.87,5.86,39
0,1,0.23,6.05,4.31,35
0,0,0.54,2.3,2.3,24
0,0,0.72,4.22,0.86,25
0,0,0.19,-5.84,-7.16,25
0,0,0.41,3.51,3.51,33
0,0,0.88,0.63,0.51,20
0,0,0.42,3.41,3.14,32
0,2,0.21,-3.36,-6.23,32
0,0,0.93,1.47,1.32,25
0,0,0.45,-1.48,-1.48,21
0,0,0.76,2.16,2.16,24
0,1,0.16,1.19,-1.05,39
0,2,0.18,2.8,2.8,52
0,1,0.46,2.02,-0.08,33
0,0,0.59,2.74,2.74,26
0,0,0.78,2.3,2.3,22
0,0,0.69,4.26,3.33,28
0,1,0.28,5.56,4.75,38
0,0,0.6,4.17,2.79,34
0,0,0.55,3.03,2.7,31
0,1,0.31,4.75,4.75,39
0,0,0.3,0.84,0.84,12
0,1,0.37,5.51,4.44,28
0,0,0.95,1.79,1.79,18
0,0,0.8,-1.45,-2.7,24
0,1,0.11,-3.78,-3.78,33
0,0,0.89,2.15,2.15,24
0,0,0.43,2.66,2.66,27
0,0,0.65,3.76,3.76,24
0,3,0.08,3.51,5.5,67
0,0,0.35,4.1,2.88,25
0,0,0.65,4.54,4.54,30
0,1,0.4,2.8,2.8,33
0,1,0.27,4.13,1.95,36
0,0,0.47,1.84,1.82,34
0,2,0.26,4.46,3.85,66
0,1,0.11,-5.28,-7.27,32
0,0,0.38,0.7,0.65,34
0,0,0.8,2.53,1.79,32
0,0,0.41,0.29,-1.48,25
0,0,0.73,3.45,3.43,25
0,0,0.6,-1.04,-1.04,17
0,0,0.62,1.88,0.78,31
0,2,0.35,4.19,2.59,39
0,1,0.54,-1.71,-1.71,30
0,0,0.6,2.15,1.56,33
0,0,0.68,2.92,2.92,21
0,2,0.26,1.85,1.62,60
0,0,0.28,2.21,2.21,17
0,0,0.48,0.29,0.29,33
0,0,0.38,1.53,-0.05,23
0,2,0.27,3.09,-0.95,53
0,1,0.48,3.29,3.29,38
0,0,0.65,4.49,4.49,27
0,0,0.74,2.53,1.62,24
0,0,0.47,3.73,2.07,35
0,2,0.21,6.47,4.61,41
0,0,0.4,3.93,3.92,28
0,0,0.91,1.91,1.4,21
0,1,0.37,4.96,4.96,41
0,3,0.21,-5.42,-10.56,32
0,1,0.37,2.12,2.18,41
0,1,0.27,-0.1,-0.27,24
0,0,0.29,4.31,4.31,35
0,0,0.75,2.2,2.2,25
0,0,0.66,3.41,3.41,26
0,0,0.39,5.2,5.2,36
0,0,0.46,3.65,3.51,31
0,0,0.76,1.32,1.32,27
0,1,0.57,1.49,0.84,36
0,2,0.24,4.62,3.56,45
0,0,0.33,3.7,3.7,34
0,0,0.41,5.85,3.27,33
0,0,0.56,4.93,4.93,28
0,0,0.84,3.53,1.22,20
0,0,0.71,3.1,3.1,19
0,0,0.34,3.35,3.35,33
0,0,0.34,1.23,-0.69,33
0,0,0.54,4.74,4.74,25
0,0,0.53,2.65,2.65,34
0,1,0.29,7.37,7.37,32
0,1,0.48,2.48,2.44,23
0,0,0.57,1.71,1.71,30
0,1,0.61,7.34,7.34,28
0,0,0.9,2.59,2.06,25
0,0,0.49,6.15,6.14,27
0,1,0.14,-4.47,-4.47,29
0,1,0.3,3.03,0.46,40
0,1,0.54,3.66,3.26,34
0,1,0.26,4.98,2.54,43
0,1,0.25,4.58,1.39,34
0,0,0.76,3.94,3.89,21
0,3,0.1,3.85,3.23,49
0,2,0.18,5.53,4.06,42
0,0,0.57,1.65,1.65,28
0,0,0.36,2.43,0.95,31
0,0,0.58,3.41,3.41,26
0,0,0.79,3.68,0.21,21
0,1,0.46,3.82,3.28,37
0,0,0.82,-0.22,-0.24,19
0,0,0.86,2.78,2.78,20
0,1,0.59,4.24,4.08,29
0,0,0.44,3.77,3.77,24
0,1,0.2,6.04,5.96,38
0,1,0.68,5.14,5.0,26
0,0,0.38,2.79,2.79,19
0,2,0.29,6.05,2.81,36
0,0,0.66,1.84,1.01,23
0,1,0.57,5.86,4.98,33
0,1,0.12,5.36,5.36,36
0,0,0.46,1.21,-0.26,33
0,0,0.93,1.06,0.55,22
0,0,0.71,3.73,3.73,28
0,1,0.42,4.13,3.45,29
0,0,0.53,2.35,2.35,30
0,0,0.64,3.19,3.07,21
0,0,0.61,1.05,1.0,32
0,0,0.5,3.62,3.62,30
0,0,0.7,3.49,3.17,32
0,0,0.66,3.07,2.99,31
0,0,0.58,3.1,3.1,31
0,0,0.51,3.04,3.04,30
0,0,0.53,3.59,3.01,28
0,3,0.1,2.6,0.39,61
0,2,0.05,1.26,-3.3,48
0,0,0.83,-1.72,-1.76,17
0,0,0.34,4.61,4.59,32
0,0,0.63,2.92,2.6,29
0,0,0.41,4.05,3.08,33
0,0,0.62,3.61,2.79,24
0,0,0.82,-0.06,-0.06,26
0,1,0.65,5.37,3.45,27
0,0,0.81,4.4,2.31,20
0,2,0.2,4.51,4.44,39
0,0,0.37,0.64,0.26,36
0,0,0.51,2.06,2.06,28
0,0,0.79,-0.36,-0.47,22
0,1,0.3,2.14,1.4,41
0,0,0.54,3.7,1.47,32
0,0,0.39,2.76,2.39,27
0,0,0.52,-0.25,-1.77,35
0,0,0.88,3.35,1.36,19
0,0,0.4,5.43,4.41,30
0,0,0.74,3.71,2.25,26
0,1,0.31,3.27,1.67,37
0,0,0.58,2.44,2.44,30
0,1,0.3,1.4,1.29,44
0,0,0.5,3.68,3.63,27
0,0,0.75,2.82,2.82,25
0,0,0.34,0.99,0.98,34
0,1,0.33,4.82,4.82,36
0,2,0.2,4.16,2.34,59
0,0,0.61,2.74,2.74,28
0,0,0.86,0.59,0.55,17
0,0,0.41,4.59,1.59,33
0,0,0.75,1.8,1.8,22
0,2,0.1,-0.74,-1.71,41
0,0,0.69,0.52,0.5,17
0,1,0.47,4.32,4.31,29
0,0,0.55,3.87,3.87,22
0,1,0.1,1.87,-1.0,39
0,0,0.79,0.76,0.76,26
0,0,0.3,3.49,1.15,34
0,0,0.89,2.18,1.77,23
0,0,0.58,1.67,1.65,20
0,1,0.58,4.1,4.1,26
0,0,0.55,3.5,3.47,33
0,1,0.57,4.14,3.3,35
0,0,0.8,2.66,1.43,21
0,2,0.36,5.13,4.81,37
0,0,0.61,3.48,3.22,29
0,0,0.58,4.12,4.12,31
0,2,0.39,4.17,4.17,24
0,1,0.36,3.18,3.15,36
0,0,0.65,2.37,2.37,27
0,0,0.8,2.48,2.35,17
0,0,0.78,1.05,-1.42,20
0,0,0.45,3.66,3.61,32
0,0,0.05,2.07,1.48,34
0,0,0.7,1.52,1.51,21
0,2,0.07,4.48,4.65,45
0,2,0.21,5.19,2.76,39
0,2,0.03,-2.28,-4.01,69
0,0,0.73,3.23,3.23,29
0,0,0.45,0.64,0.48,29
0,0,0.66,2.61,2.11,32
0,0,0.67,0.24,0.24,31
0,1,0.28,2.93,-3.41,36
0,0,0.75,4.32,4.31,27
0,0,0.94,2.51,2.51,21
0,1,0.5,7.36,7.36,24
0,0,0.9,-0.18,-0.44,26
0,3,0.04,-8.91,-10.24,60
0,0,0.31,-1.98,-3.32,32
0,0,0.76,1.59,0.4,31
0,1,0.27,0.6,0.59,34
0,1,0.35,5.16,5.11,31
0,0,0.7,1.87,1.82,31
0,0,0.63,1.83,0.55,16
0,2,0.23,5.27,3.98,48
0,0,0.8,5.47,5.47,20
0,0,0.61,2.3,2.3,26
0,0,0.59,4.53,3.39,24
0,0,0.76,3.22,3.22,24
0,2,0.21,3.97,3.73,38
0,0,0.88,1.81,1.81,25
0,1,0.63,1.84,1.93,33
0,0,0.19,-2.84,-4.96,31
0,0,0.49,1.78,1.78,26
0,0,0.74,1.81,1.81,14
0,1,0.41,1.41,-0.1,38
0,1,0.46,5.84,5.15,27
0,0,0.57,3.05,3.04,24
0,0,0.84,5.22,5.21,20
0,1,0.3,-0.05,-0.05,33
0,0,0.51,1.39,0.97,22
0,0,0.55,3.49,1.85,31
0,0,0.52,3.57,3.57,34
0,1,0.29,0.46,0.38,42
0,0,0.5,4.77,4.58,35
0,0,0.66,4.4,4.4,30
0,0,0.67,4.27,2.08,28
0,0,0.67,2.95,2.95,26
0,0,0.51,2.75,1.95,33
0,1,0.54,5.37,5.37,24
0,1,0.51,3.9,3.89,36
0,0,0.49,2.04,1.91,23
0,2,0.07,0.17,0.17,54
0,0,0.57,3.27,3.24,25
0,0,0.65,0.5,0.5,31
0,2,0.19,0.48,-2.07,34
0,0,0.87,2.33,2.31,15
0,0,0.66,3.0,3.0,22
0,0,0.42,4.77,4.77,36
0,0,0.85,2.18,-0.57,25
0,2,0.19,4.34,2.17,40
0,0,0.71,2.32,2.32,30
0,0,0.58,0.03,0.04,28
0,0,0.62,2.71,1.89,29
0,0,0.57,1.39,0.92,22
0,0,0.91,0.91,0.92,20
0,0,0.65,2.82,2.81,27
0,0,0.95,1.68,1.66,22
0,0,0.23,3.62,3.62,35
0,0,0.65,-1.42,-1.5,18
0,1,0.44,0.36,0.36,27
0,2,0.23,6.83,6.83,41
0,0,0.58,3.24,3.23,21
0,1,0.41,4.97,4.97,33
0,1,0.26,-3.48,-3.53,23
0,1,0.52,4.75,4.75,27
0,0,0.31,2.79,2.79,37
0,0,0.49,-0.6,-2.59,25
0,1,0.41,3.16,3.02,39
0,0,0.34,4.31,4.16,29
0,1,0.26,5.53,5.18,37
0,2,0.45,5.98,3.65,36
0,0,0.42,1.86,-0.07,30
0,0,0.57,3.48,3.48,22
0,0,0.56,-2.85,-3.8,21
0,0,0.7,3.36,3.36,18
0,0,0.44,1.84,-0.18,28
0,0,0.73,4.09,4.09,28
0,0,0.42,3.63,3.63,32
0,0,0.27,3.71,1.82,33
0,0,0.48,5.11,5.11,22
0,0,0.43,-2.74,-7.53,24
0,0,0.52,-0.25,-0.26,28
0,0,0.45,3.77,3.77,22
0,3,0.05,-3.38,-7.16,66
0,0,0.79,2.02,2.02,24
0,1,0.32,2.39,1.75,41
0,0,0.71,-1.83,-4.74,17
0,0,0.53,0.97,0.97,29
0,0,0.51,1.1,1.1,26
0,0,0.74,5.1,1.99,23
0,0,0.5,3.84,3.33,33
0,0,0.63,2.59,2.59,27
0,0,0.45,2.87,2.85,28
0,2,0.19,8.02,6.72,36
0,0,0.61,3.28,2.35,33
0,0,0.33,2.62,1.56,30
0,3,0.07,7.18,6.61,62
0,1,0.47,5.16,5.16,26
0,2,0.17,7.89,7.95,41
0,0,0.74,3.82,2.17,26
0,0,0.36,5.31,5.12,33
0,0,0.48,2.39,0.77,27
0,2,0.15,8.15,6.21,46
0,1,0.49,1.22,0.6,37
0,0,0.4,0.92,0.94,32
0,0,0.63,2.7,2.7,27
0,0,0.41,5.37,4.09,29
0,0,0.87,1.33,1.25,18
0,0,0.77,-0.48,-0.48,18
0,0,0.26,3.01,3.01,30
0,0,0.75,1.79,1.79,20
0,0,0.5,3.11,3.11,27
0,1,0.4,3.87,3.87,29
0,0,0.41,4.54,2.65,25
0,0,0.48,4.25,4.18,30
0,0,0.56,3.18,3.12,24
0,0,0.53,3.9,3.9,34
0,2,0.31,6.14,5.95,35
0,0,0.91,3.29,2.39,20
0,0,0.55,3.05,2.46,33
0,0,0.49,3.82,0.89,27
0,0,0.59,2.67,2.67,22
0,1,0.37,5.25,3.84,36
0,2,0.15,7.59,4.71,54
0,0,0.14,1.88,1.26,33
0,0,0.43,4.37,4.37,27
0,0,0.38,4.47,3.29,30
0,0,0.51,-2.75,-2.75,9
0,1,0.32,5.45,4.75,36
0,0,0.8,3.14,3.14,22
0,0,0.56,2.99,2.94,28
0,0,0.84,-1.57,-1.69,23
0,0,0.45,2.16,2.15,34
0,0,0.52,5.09,5.09,33
0,1,0.45,4.5,4.5,29
0,1,0.41,-1.51,-2.02,19
0,0,0.5,0.88,0.88,20
0,0,0.73,4.19,4.19,24
0,0,0.9,2.97,2.97,20
0,0,0.21,0.48,-0.38,34
0,0,0.28,2.79,1.63,29
0,0,0.77,2.23,2.21,28
0,0,0.65,3.4,3.4,17
0,2,0.07,0.27,-2.93,47
0,1,0.17,6.86,6.85,32
0,2,0.14,4.6,4.92,37
0,1,0.3,1.7,1.7,37
0,1,0.18,4.39,4.37,35
0,2,0.24,5.72,5.65,37
0,0,0.89,-0.06,-0.09,22
0,2,0.19,5.49,4.01,42
0,1,0.1,6.3,5.83,35
0,1,0.46,5.17,2.13,25
0,1,0.4,5.18,5.18,33
0,0,0.49,2.09,1.91,33
0,1,0.56,2.04,1.94,38
0,0,0.55,3.99,3.94,25
0,2,0.4,4.79,4.18,39
0,1,0.58,6.01,6.01,31
0,0,0.59,2.99,2.99,30
0,0,0.64,0.57,-0.07,28
0,2,0.1,-0.15,-0.15,39
0,0,0.67,-1.79,-5.81,15
0,0,0.68,5.21,5.21,25
0,0,0.71,4.16,4.14,28
0,0,0.55,-2.21,-2.21,24
0,0,0.45,-1.77,-1.77,26
0,0,0.43,3.4,3.4,34
0,0,0.74,2.77,2.77,27
0,0,0.46,-0.27,-0.27,27
0,0,0.51,3.3,1.86,33
0,2,0.15,-2.26,-3.19,49
0,0,0.64,2.38,2.38,26
0,1,0.44,5.77,5.77,29
0,0,0.57,3.87,3.86,26
0,1,0.3,8.32,8.3,35
0,2,0.21,7.01,7.0,43
0,0,0.78,3.95,3.95,26
0,0,0.56,2.93,2.93,24
0,0,0.57,2.3,1.75,33
0,0,0.65,3.32,3.32,32
0,3,0.14,-2.6,-3.3,37
0,0,0.66,3.75,3.64,32
0,1,0.4,4.84,4.84,29
0,0,0.73,1.93,0.05,21
0,0,0.94,0.99,-0.6,23
0,0,0.37,2.98,1.71,34
0,0,0.89,1.51,1.51,18
0,0,0.37,4.07,3.95,35
0,1,0.34,2.08,1.82,32
0,2,0.24,5.27,5.27,38
0,0,0.57,2.23,2.23,24
0,0,0.4,2.24,2.24,12
0,1,0.33,4.06,3.95,37
0,0,0.63,1.52,1.51,18
0,1,0.39,2.72,2.68,38
0,1,0.45,6.3,6.3,29
0,0,0.85,0.4,-2.54,19
0,0,0.75,3.79,2.95,28
0,1,0.7,3.33,3.29,25
0,0,0.49,3.6,1.66,25
0,0,0.48,1.01,1.01,16
0,0,0.52,2.25,2.17,32
0,0,0.39,1.94,1.93,30
0,2,0.04,1.81,-2.73,53
0,1,0.2,3.89,3.89,38
0,0,0.56,2.14,1.64,27
0,0,0.73,1.07,1.06,20
0,0,0.48,2.91,2.91,32
0,0,0.29,4.06,4.06,28
0,0,0.76,4.49,4.49,23
0,0,0.75,-0.4,-0.61,14
0,1,0.48,2.5,0.29,43
0,0,0.5,1.34,1.34,17
0,0,0.66,4.38,4.37,31
0,0,0.31,2.02,2.02,33
0,0,0.71,-1.51,-1.52,16
0,0,0.51,4.89,4.89,28
0,0,0.31,3.07,3.07,34
0,2,0.1,-1.02,-1.08,72
0,0,0.61,1.78,1.78,23
0,0,0.54,2.62,0.9,32
0,0,0.76,2.1,2.1,23
0,0,0.76,3.42,3.42,20
0,0,0.38,3.66,3.65,33
0,0,0.79,3.27,3.27,18
0,0,0.74,2.67,2.67,26
0,0,0.66,0.49,0.49,24
0,0,0.46,5.25,5.25,17
0,0,0.35,2.28,2.28,35
0,0,0.64,1.45,1.45,24
0,2,0.12,-0.79,-3.42,53
0,1,0.28,-1.88,-4.26,22
0,0,0.67,4.26,3.29,30
0,1,0.27,3.16,3.15,37
0,1,0.21,1.36,0.66,47
0,1,0.58,5.99,5.97,27
0,0,0.5,4.41,2.29,29
0,0,0.67,2.64,2.62,27
0,2,0.23,4.74,4.42,43
0,0,0.33,5.25,3.99,36
0,0,0.74,4.15,4.11,21
0,0,0.59,3.85,3.83,28
0,0,0.74,4.13,3.99,20
0,1,0.15,1.94,1.09,42
0,1,0.38,3.5,2.16,41
0,1,0.26,6.48,6.48,35
0,0,0.55,3.41,3.41,27
0,3,0.19,4.25,2.56,53
0,0,0.33,2.19,2.19,36
0,0,0.67,3.58,3.57,30
0,0,0.67,3.87,3.87,25
0,0,0.7,2.81,2.8,29
0,2,0.37,8.28,6.01,39
0,1,0.16,4.14,3.58,22
0,2,0.2,4.73,3.98,45
0,0,0.31,1.04,1.03,36
0,0,0.61,4.02,3.52,31
0,0,0.47,1.24,1.24,29
0,2,0.13,6.59,5.56,55
0,1,0.19,3.6,3.56,41
0,0,0.24,1.37,1.37,19
0,0,0.54,3.64,3.64,27
0,1,0.2,3.67,3.67,45
0,1,0.49,5.49,4.6,27
0,2,0.16,5.27,2.86,40
0,0,0.81,1.68,0.73,19
0,0,0.58,-2.07,-2.08,23
0,0,0.69,4.3,4.28,25
0,2,0.18,6.13,6.13,52
0,0,0.48,3.24,3.24,28
0,0,0.85,0.28,0.28,27
0,0,0.36,5.14,4.51,30
0,0,0.67,4.62,4.6,30
0,0,0.91,2.34,2.34,22
0,1,0.39,2.76,2.76,38
0,1,0.43,2.11,2.08,36
0,0,0.65,5.14,5.14,28
0,1,0.18,4.14,3.22,46
0,0,0.58,3.08,2.85,28
0,1,0.28,2.9,2.76,43
0,1,0.21,2.84,3.04,33
0,0,0.65,3.03,3.02,34
0,1,0.18,4.07,1.2,35
0,0,0.61,4.03,2.76,27
0,0,0.67,2.87,2.87,29
0,1,0.63,4.88,4.88,29
0,0,0.6,0.8,-0.58,31
0,1,0.49,4.95,4.45,40
0,2,0.21,7.68,5.82,50
0,0,0.38,2.78,2.78,26
0,1,0.41,2.92,0.9,39
0,2,0.28,6.72,6.72,40
0,2,0.14,7.91,7.07,56
0,0,0.9,0.36,0.31,21
0,0,0.91,0.53,0.16,21
0,1,0.18,3.08,2.41,40
0,0,0.47,2.75,1.97,33
0,1,0.61,4.71,4.68,28
0,0,0.72,1.68,0.64,33
0,0,0.48,3.92,3.92,32
0,1,0.42,6.03,6.03,28
0,0,0.58,4.41,4.4,27
0,1,0.32,3.72,1.84,40
0,1,0.27,5.72,5.72,30
0,0,0.53,3.17,3.16,28
0,1,0.22,3.81,-2.76,37
0,0,0.21,3.09,3.03,31
0,2,0.31,5.89,3.13,34
0,0,0.62,2.77,0.91,30
0,1,0.55,2.26,2.26,35
0,2,0.1,2.1,1.92,44
0,1,0.57,5.86,5.86,23
0,1,0.43,3.94,3.94,34
0,1,0.32,4.4,3.62,30
0,0,0.82,2.29,0.06,24
0,0,0.93,2.84,2.46,19
0,1,0.5,5.13,5.13,28
0,0,0.5,2.8,2.8,23
0,1,0.32,3.74,2.36,42
0,1,0.36,4.08,4.08,30
0,0,0.83,3.5,3.22,28
0,0,0.88,3.23,3.2,20
0,0,0.72,3.96,3.96,25
0,0,0.63,2.63,2.62,29
0,0,0.6,1.56,-0.16,25
0,1,0.27,-0.29,-0.29,42
0,1,0.5,5.55,5.55,26
0,3,0.07,1.51,1.51,52
0,1,0.38,4.87,4.79,49
0,0,0.69,0.86,0.81,12
0,0,0.64,0.95,-0.18,12
0,0,0.73,2.59,2.31,25
0,0,0.68,2.45,2.04,26
0,0,0.69,3.22,3.22,20
0,1,0.5,4.31,1.54,34
0,1,0.52,0.55,0.3,33
0,1,0.29,4.48,4.44,36
0,0,0.67,4.12,1.04,29
0,0,0.51,0.26,-2.25,30
0,0,0.73,2.42,2.42,21
0,1,0.44,4.7,3.29,34
0,0,0.77,1.58,1.14,24
0,0,0.31,2.89,2.89,23
0,4,0.04,4.82,1.93,60
0,0,0.45,-2.73,-5.08,23
0,0,0.78,0.67,0.61,24
0,1,0.21,1.9,1.94,39
0,1,0.47,4.45,4.43,29
0,1,0.4,0.29,0.29,30
0,2,0.17,6.93,5.86,54
0,1,0.5,1.72,1.7,36
0,1,0.4,6.27,6.27,26
0,0,0.39,-2.55,-2.55,27
0,0,0.36,0.49,-0.82,31
0,2,0.2,4.16,4.16,45
0,1,0.76,4.35,1.4,30
0,1,0.24,2.24,1.32,36
0,3,0.04,-7.06,-11.87,50
0,0,0.65,2.83,2.6,26
0,0,0.67,4.46,4.46,28
0,0,0.74,0.26,-0.74,22
0,0,0.68,1.3,1.3,23
0,1,0.32,5.44,5.44,35
0,0,0.49,2.84,1.95,32
0,0,0.4,0.63,0.63,34
0,0,0.68,4.4,4.35,29
0,2,0.18,6.81,4.94,43
0,1,0.39,5.35,5.29,34
0,0,0.88,1.42,1.41,18
0,0,0.7,3.76,3.67,29
0,0,0.86,4.48,3.47,21
0,0,0.33,4.25,4.25,25
0,0,0.33,2.26,2.18,22
0,2,0.32,6.32,6.32,42
0,0,0.52,1.64,1.62,23
0,0,0.36,-1.34,-4.19,34
0,2,0.27,6.61,3.57,44
0,0,0.56,3.51,3.45,20
0,2,0.32,4.67,4.01,43
0,0,0.38,2.5,2.5,23
0,0,0.57,4.19,4.18,21
0,0,0.53,2.43,0.26,30
0,0,0.45,3.93,3.93,21
0,0,0.63,2.04,0.69,33
0,0,0.8,2.9,2.87,22
0,0,0.9,2.54,1.54,20
0,1,0.22,3.34,3.34,35
0,1,0.45,2.64,2.6,23
0,0,0.48,0.98,0.93,30
0,2,0.26,6.48,3.81,34
0,0,0.48,2.89,2.89,21
0,1,0.32,1.39,1.26,33
0,0,0.53,1.99,1.97,31
0,2,0.11,6.43,3.92,44
0,1,0.21,4.76,1.34,46
0,0,0.56,4.6,4.6,27
0,0,0.59,3.59,3.54,24
0,0,0.55,4.84,2.33,30
0,1,0.28,4.11,3.75,41
0,0,0.47,3.77,3.77,32
0,1,0.43,4.2,3.83,31
0,2,0.36,4.43,4.43,33
0,1,0.25,3.33,2.49,47
0,1,0.49,5.45,5.45,35
0,0,0.3,2.72,2.61,16
0,0,0.78,1.73,1.46,25
0,1,0.44,5.9,4.85,30
0,0,0.39,3.81,3.3,33
0,2,0.05,-4.3,-8.58,52
0,0,0.62,3.08,0.4,30
0,0,0.54,4.36,4.33,33
0,0,0.67,1.93,1.91,18
0,2,0.41,5.08,3.49,38
0,0,0.59,2.11,-1.06,13
0,1,0.31,3.77,3.77,34
0,0,0.51,4.41,4.41,33
0,0,0.62,1.94,1.94,24
0,0,0.64,2.24,1.37,34
0,0,0.28,-2.82,-2.82,28
0,0,0.88,2.58,2.12,25
0,0,0.69,3.4,3.4,27
0,0,0.71,4.36,4.36,24
0,0,0.63,3.92,2.43,29
0,0,0.76,2.0,1.33,20
0,2,0.41,4.82,3.09,35
0,3,0.1,0.87,-0.27,51
0,0,0.76,2.23,2.23,23
0,2,0.4,4.93,4.23,39
0,2,0.21,4.22,2.64,38
0,0,0.47,-0.23,-3.38,24
0,1,0.34,4.04,4.04,34
0,2,0.2,6.58,4.85,40
0,0,0.93,1.5,1.05,21
0,0,0.77,2.07,2.07,33
0,0,0.51,2.86,2.86,23
0,0,0.59,2.73,1.99,24
0,0,0.45,2.8,2.8,26
0,0,0.23,5.56,5.28,33
0,0,0.37,-0.1,-1.14,29
0,0,0.82,4.2,3.7,20
0,0,0.5,1.98,1.88,35
0,1,0.23,-1.14,-2.73,38
0,2,0.06,-3.13,-6.14,50
0,0,0.53,1.89,1.82,32
0,2,0.17,4.85,3.11,37
0,2,0.26,3.71,3.13,44
0,0,0.26,4.09,4.09,27
0,0,0.35,4.73,4.72,31
0,2,0.1,-0.45,-0.46,53
0,0,0.77,4.2,4.19,21
0,0,0.68,2.41,2.31,13
0,0,0.91,1.66,1.61,25
0,2,0.18,8.03,8.03,48
0,0,0.89,4.02,4.0,23
0,0,0.73,1.88,-0.76,26
0,0,0.38,6.41,6.41,33
0,1,0.63,4.9,2.32,27
0,1,0.53,4.85,4.85,24
0,0,0.73,3.07,3.06,23
0,2,0.55,5.57,5.36,34
0,1,0.19,0.87,-3.62,39
0,0,0.72,6.06,2.86,26
0,0,0.62,3.34,3.32,24
0,0,0.46,3.35,3.35,31
0,2,0.23,6.79,3.72,48
0,0,0.81,2.83,-0.48,16
0,0,0.46,3.88,3.88,31
0,0,0.9,2.78,2.78,26
0,0,0.49,1.66,1.63,32
0,0,0.48,3.03,3.03,29
0,0,0.24,1.75,1.51,22
0,0,0.62,0.87,-1.94,25
0,0,0.65,2.74,1.52,32
0,0,0.44,2.47,2.36,29
0,0,0.58,3.47,3.46,26
0,0,0.13,5.04,5.02,35
0,2,0.29,0.47,0.47,62
0,0,0.29,3.79,2.41,35
0,1,0.41,4.5,3.94,34
0,0,0.93,2.2,2.2,20
0,0,0.88,0.18,-0.68,26
0,0,0.6,2.34,2.35,27
0,1,0.39,3.78,1.37,36
0,0,0.44,3.42,3.42,28
0,0,0.65,0.89,0.89,27
0,0,0.74,1.18,1.18,26
0,0,0.55,3.39,1.06,29
0,0,0.75,2.57,1.18,23
0,2,0.23,4.68,4.68,42
0,0,0.53,-1.52,-1.52,21
0,3,0.03,6.91,6.91,70
0,0,0.4,4.79,4.78,26
0,0,0.49,4.67,3.77,34
0,0,0.45,3.54,3.52,31
0,0,0.59,2.35,1.61,31
0,2,0.36,2.53,2.52,41
0,0,0.53,5.06,3.11,32
0,0,0.67,3.21,2.36,31
0,0,0.89,1.73,1.73,23
0,1,0.47,4.61,4.61,33
0,1,0.14,1.61,-5.02,46
0,0,0.73,1.09,0.89,30
0,0,0.41,2.5,1.5,33
0,1,0.34,4.19,3.13,39
0,2,0.2,4.35,4.23,43
0,0,0.64,4.21,4.21,27
0,0,0.76,1.73,1.73,29
0,0,0.83,0.23,-1.31,17
0,0,0.79,4.03,4.02,25
0,0,0.62,2.49,2.48,31
0,0,0.63,-0.89,-0.9,18
0,0,0.42,2.9,2.9,32
0,0,0.51,4.06,4.06,32
0,2,0.25,4.85,4.84,47
0,1,0.45,5.0,4.78,34
0,0,0.23,2.0,1.31,33
0,2,0.27,4.75,4.75,37
0,1,0.37,4.32,4.32,36
0,0,0.32,3.3,3.3,23
0,0,0.27,3.51,3.51,35
1,0,0.31,-1.97,-5.12,24
1,2,0.14,4.18,4.16,54
1,0,0.46,-1.18,-2.3,15
1,0,0.72,2.88,2.58,20
1,1,0.33,-3.51,-3.81,32
1,0,0.75,1.88,1.0,14
1,0,0.77,1.42,-0.89,21
1,1,0.58,5.88,5.88,21
1,0,0.88,2.51,0.86,24
1,0,0.87,-0.12,-1.91,22
1,2,0.08,3.0,1.32,58
1,0,0.7,1.8,0.81,23
1,2,0.23,-0.4,-0.63,40
1,0,0.39,4.38,3.8,37
1,0,0.64,-1.91,-1.95,23
1,0,0.91,3.28,0.28,16
1,0,0.6,1.89,1.26,24
1,0,0.46,-3.21,-4.98,10
1,0,0.79,0.39,-0.05,17
1,0,0.92,4.08,1.97,24
1,0,0.33,1.51,1.06,36
1,0,0.44,-0.06,-0.4,23
1,0,0.39,4.27,4.27,27
1,0,0.45,3.36,3.36,31
1,0,0.46,3.76,2.34,34
1,0,0.85,-0.12,-0.07,19
1,0,0.66,-1.06,-1.06,14
1,0,0.76,2.5,2.5,31
1,0,0.68,2.97,0.4,28
1,0,0.88,2.89,0.81,24
1,0,0.32,-1.27,-4.19,24
1,0,0.38,0.6,0.6,30
1,1,0.7,4.45,4.45,26
1,0,0.83,2.56,0.44,15
1,0,0.67,1.33,1.33,11
1,1,0.41,4.49,4.49,33
1,0,0.85,3.07,1.55,17
1,2,0.18,5.15,4.89,58
1,0,0.32,-0.69,-0.69,10
1,0,0.56,-0.81,-0.84,13
1,0,0.49,2.96,2.96,31
1,0,0.51,-1.79,-1.8,14
1,0,0.63,2.14,1.91,33
1,1,0.43,4.58,1.5,17
1,1,0.39,3.73,3.44,24
1,0,0.86,4.22,2.39,23
1,0,0.91,0.75,0.75,25
1,1,0.37,5.16,2.75,36
1,0,0.82,-0.5,-0.5,29
1,2,0.17,-7.06,-12.2,33
1,0,0.61,5.54,5.54,28
1,0,0.41,-0.29,-1.72,11
1,0,0.66,0.98,0.98,28
1,0,0.72,0.25,0.25,19
1,0,0.67,-0.52,-1.96,12
1,0,0.21,-4.22,-3.45,32
1,0,0.67,3.19,1.01,28
1,0,0.55,1.23,1.16,33
1,1,0.29,4.94,3.98,39
1,2,0.16,-0.92,-0.92,35
1,1,0.44,5.22,4.51,37
1,0,0.78,4.13,1.45,21
1,0,0.57,1.5,-0.72,27
1,0,0.62,5.47,5.47,28
1,0,0.62,-0.07,-1.35,12
1,0,0.64,1.32,1.32,19
1,0,0.29,-0.24,-6.56,33
1,0,0.76,4.11,2.07,26
1,0,0.2,-3.16,-4.85,12
1,0,0.45,2.99,2.99,31
1,1,0.64,5.13,5.13,32
1,0,0.68,3.15,3.15,22
1,0,0.63,2.09,2.09,25
1,0,0.43,1.17,1.15,19
1,0,0.88,2.29,1.07,19
1,0,0.66,3.93,3.93,27
1,0,0.72,0.78,-1.36,16
1,0,0.54,-1.36,-1.37,15
1,1,0.15,4.54,4.54,51
1,0,0.58,4.16,4.12,26
1,2,0.29,5.4,4.87,41
1,0,0.75,3.03,3.03,25
1,0,0.51,-3.3,-6.37,11
1,1,0.47,4.71,3.53,33
1,0,0.7,-0.57,-0.57,14
1,0,0.5,-2.45,-2.64,24
1,0,0.76,3.66,2.93,26
1,1,0.32,3.4,1.0,19
1,0,0.72,-0.19,-0.19,26
1,2,0.07,-3.71,-6.83,43
1,0,0.84,0.54,0.54,27
1,0,0.38,1.97,-4.21,32
1,0,0.88,2.54,2.54,19
1,0,0.36,-3.23,-6.07,33
1,0,0.54,-2.09,-2.09,9
1,1,0.33,-2.89,-3.33,33
1,0,0.73,4.18,4.18,32
1,0,0.63,2.09,2.09,25
1,0,0.76,2.5,2.5,31
1,0,0.69,3.55,1.61,34
1,0,0.87,2.64,2.63,24
1,3,0.07,-7.06,-11.79,40
1,2,0.17,2.5,0.02,59
1,3,0.11,-8.58,-15.1,40
1,1,0.32,5.69,5.34,34
1,1,0.26,2.81,2.72,45
1,0,0.67,-2.0,-2.36,24
1,0,0.23,-1.28,-7.13,30
1,1,0.36,2.78,0.72,43
1,0,0.5,2.92,0.89,31
1,0,0.41,-1.21,-1.55,25
1,0,0.6,1.3,1.3,17
1,1,0.5,5.78,3.87,35
1,1,0.33,4.72,4.09,40
1,2,0.34,2.94,2.93,37
1,0,0.41,1.06,0.04,25
1,0,0.8,1.71,1.69,26
1,0,0.91,3.52,0.06,22
1,0,0.69,2.45,0.55,24
1,0,0.88,3.57,2.3,24
1,0,0.74,0.78,0.01,22
1,0,0.65,-0.28,-0.28,19
1,0,0.49,-0.33,-0.91,31
1,1,0.26,-4.5,-4.82,33
1,0,0.63,-1.49,-1.5,13
1,0,0.63,2.93,1.28,29
1,0,0.33,2.98,-0.96,26
1,0,0.57,1.53,-0.6,24
1,0,0.5,-0.39,-1.6,13
1,0,0.58,1.96,0.31,32
1,0,0.77,2.43,2.43,24
1,1,0.37,5.83,4.8,34
1,0,0.82,4.46,3.25,20
1,0,0.47,3.83,3.74,33
1,0,0.64,0.34,-1.32,17
1,0,0.52,0.83,-2.23,11
1,0,0.54,-2.0,-2.0,9
1,1,0.33,-4.19,-6.56,14
1,0,0.3,-0.5,-0.77,15
1,3,0.24,0.53,0.1,39
1,0,0.61,0.82,0.82,31
1,0,0.65,-0.95,-1.76,18
1,1,0.21,-3.76,-8.79,34
1,0,0.49,4.14,4.14,31
1,2,0.06,-3.37,-3.64,39
1,0,0.35,1.47,1.25,32
1,0,0.52,1.43,1.4,34
1,1,0.52,4.77,2.77,34
1,0,0.49,-0.33,-0.91,31
1,0,0.7,0.9,-0.6,21
1,0,0.55,2.32,2.28,34
1,0,0.49,-2.09,-2.09,19
1,0,0.53,-1.96,-1.96,20
1,0,0.55,2.04,0.47,28
1,0,0.82,0.21,-0.36,17
1,0,0.56,0.24,-0.99,15
1,0,0.67,-1.27,-1.27,12
1,0,0.74,2.56,1.32,22
1,2,0.24,6.13,4.86,39
1,0,0.6,4.44,3.06,26
1,0,0.47,3.15,3.15,17
1,0,0.38,-3.1,-3.18,29
1,0,0.84,3.39,3.31,26
1,1,0.39,3.73,3.44,24
1,0,0.66,1.82,0.51,21
1,0,0.74,2.56,1.32,22
1,0,0.47,3.47,3.45,31
1,1,0.3,5.44,5.41,38
1,0,0.85,-0.12,-0.07,19
1,0,0.67,3.34,3.34,30
1,0,0.44,1.04,0.65,27
1,0,0.64,0.34,-1.32,17
1,0,0.59,2.62,1.16,22
1,3,0.05,-2.93,-5.66,50
1,0,0.73,3.35,3.16,22
1,0,0.65,3.79,2.63,28
1,0,0.33,4.65,4.65,34
1,0,0.61,0.1,0.1,14
1,1,0.52,5.91,5.91,30
1,0,0.4,-2.54,-2.61,33
1,0,0.68,2.18,2.17,26
1,0,0.42,-0.42,-2.2,4
1,0,0.7,-1.09,-1.09,15
1,2,0.2,4.65,2.86,57
1,2,0.18,4.18,1.81,59
1,0,0.57,0.44,-0.78,16
1,0,0.83,1.59,0.65,19
1,0,0.91,2.45,0.62,19
1,0,0.43,0.35,0.11,10
1,0,0.86,4.34,2.21,22
1,3,0.18,-3.26,-3.41,42
1,1,0.39,3.45,3.24,42
1,0,0.55,-2.91,-3.13,12
1,0,0.79,0.39,-0.05,17
1,2,0.25,3.74,3.14,55
1,2,0.35,3.35,2.5,54
1,2,0.07,-3.71,-6.83,43
1,0,0.6,4.44,3.06,26
1,0,0.35,-0.94,-3.61,25
1,2,0.38,4.78,3.99,38
1,0,0.86,4.22,2.39,23
1,0,0.74,0.78,0.01,22
1,0,0.61,-0.05,-1.3,12
1,0,0.92,0.75,-0.02,24
1,2,0.34,2.94,2.93,37
1,0,0.79,0.58,-0.22,21
1,0,0.38,-3.1,-3.18,29
1,0,0.87,0.51,-0.47,26
1,0,0.93,1.24,1.19,23
1,2,0.18,4.18,1.81,59
1,0,0.63,2.93,1.28,29
1,0,0.55,-0.71,-0.71,19
1,1,0.24,-1.9,-2.07,18
1,2,0.38,4.78,3.99,38
1,0,0.8,2.82,2.82,22
1,2,0.23,2.28,2.28,36
1,1,0.22,-0.57,-2.35,31
1,0,0.57,4.49,4.49,31
1,0,0.59,-0.23,-1.81,29
1,0,0.68,0.14,0.14,30
1,0,0.59,-0.95,-0.96,12
1,0,0.88,2.89,0.81,24
1,1,0.39,4.22,4.16,32
1,0,0.42,-2.79,-2.8,7
1,0,0.81,3.39,3.16,22
1,2,0.24,3.23,2.32,45
1,1,0.26,-4.5,-4.82,33
1,0,0.67,-2.31,-2.66,24
1,0,0.3,-0.5,-0.77,15
1,0,0.67,3.66,0.4,20
1,0,0.26,3.6,1.93,32
1,0,0.71,4.3,4.13,28
1,1,0.4,6.48,4.85,35
1,0,0.54,4.25,0.25,28
1,1,0.43,2.71,1.84,43
1,1,0.29,0.43,-5.55,31
1,1,0.44,3.01,3.01,41
1,0,0.59,2.45,2.44,28
1,0,0.67,3.19,1.01,28
1,0,0.29,-3.04,-3.93,12
1,0,0.7,3.65,0.69,22
1,0,0.89,4.52,3.82,21
1,1,0.35,3.81,1.98,44
1,0,0.8,-0.78,-0.78,14
1,0,0.31,3.61,1.95,30
1,0,0.87,0.51,-0.47,26
1,0,0.17,-3.08,-6.12,28
1,0,0.71,4.3,4.13,28
1,2,0.13,3.13,1.14,60
1,1,0.35,2.79,2.57,40
1,0,0.58,2.77,1.3,33
1,1,0.35,4.64,3.23,37
1,0,0.88,-0.42,-0.42,25
1,0,0.84,0.74,-1.24,20
1,0,0.85,2.84,2.33,17
1,0,0.22,-3.8,-3.8,20
1,0,0.23,-0.89,-3.7,26
1,0,0.77,3.07,2.99,30
1,0,0.76,1.82,1.82,25
1,0,0.75,0.56,0.56,22
1,0,0.79,1.21,1.12,22
1,1,0.21,-1.49,-4.2,30
1,0,0.7,0.87,0.65,27
1,1,0.2,3.16,2.05,49
1,2,0.16,3.14,3.14,45
1,0,0.43,0.35,0.11,10
1,0,0.41,-1.21,-1.55,25
1,2,0.13,7.49,7.49,65
1,2,0.2,4.65,2.86,57
1,0,0.46,3.75,0.06,30
1,0,0.67,1.0,-0.97,11
1,0,0.42,-0.16,-0.16,15
1,2,0.14,2.82,2.82,41
1,0,0.43,-0.46,-1.55,10
1,0,0.77,1.94,1.94,16
1,0,0.45,-2.89,-4.98,11
1,0,0.77,0.52,0.59,27
1,0,0.61,1.92,1.26,21
1,0,0.58,-0.39,-0.39,9
1,0,0.86,1.6,-1.1,23
1,0,0.23,2.48,0.97,26
1,0,0.18,-6.27,-17.92,27
1,0,0.29,-1.95,-2.67,20
1,2,0.31,1.34,0.91,38
1,0,0.64,0.63,-0.85,26
1,2,0.32,4.39,4.38,33
1,0,0.53,1.02,0.92,32
1,2,0.06,6.05,4.91,53
1,0,0.89,-0.96,-0.96,23
1,0,0.68,2.73,1.89,29
1,0,0.89,1.91,0.97,21
1,0,0.42,-3.41,-3.42,5
1,0,0.6,-0.17,-2.86,9
1,2,0.13,5.28,3.96,39
1,2,0.29,4.56,3.61,52
1,0,0.5,2.92,0.89,31
1,0,0.49,-0.82,-1.97,24
1,0,0.76,0.06,-1.99,27
1,3,0.07,-7.06,-11.79,40
1,2,0.1,7.07,7.07,65
1,2,0.17,8.49,5.8,41
1,0,0.67,3.66,0.4,20
1,0,0.83,3.54,1.64,23
1,1,0.52,3.39,3.39,35
1,0,0.47,-0.68,-1.82,12
1,2,0.13,-1.0,-5.53,36
1,0,0.55,2.52,2.52,30
1,3,0.11,-8.31,-13.96,42
1,0,0.49,2.09,1.86,34
1,1,0.43,2.6,2.17,43
1,0,0.79,1.62,0.58,21
1,0,0.89,-0.85,-0.85,24
1,0,0.92,4.08,1.97,24
1,1,0.6,3.8,2.32,25
1,0,0.84,2.24,1.92,25
1,2,0.16,0.15,-2.91,42
1,0,0.62,2.42,-0.13,25
1,0,0.79,1.62,0.58,21
1,0,0.73,3.26,3.23,22
1,0,0.85,0.79,-0.45,17
1,0,0.59,2.62,1.16,22
1,0,0.54,0.03,-1.45,11
1,0,0.8,1.62,1.04,24
1,1,0.26,2.81,2.72,45
1,0,0.52,1.43,1.4,34
1,0,0.84,1.03,0.16,23
1,1,0.41,6.58,6.07,36
1,1,0.77,2.6,2.6,25
1,0,0.81,1.01,0.24,17
1,1,0.21,-1.49,-4.2,30
1,0,0.66,3.01,2.93,28
1,0,0.75,1.88,1.0,14
1,2,0.17,8.49,5.8,41
1,0,0.46,0.26,0.26,14
1,0,0.89,-0.85,-0.85,24
1,0,0.49,-2.09,-2.09,19
1,0,0.63,0.44,-0.73,16
1,1,0.43,2.71,1.84,43
1,0,0.52,3.73,3.65,32
1,0,0.64,0.24,-1.38,17
1,0,0.44,-0.06,-0.4,23
1,0,0.61,1.48,0.24,24
1,0,0.71,1.32,-0.78,12
1,1,0.33,-0.88,-0.92,40
1,0,0.88,1.44,-0.34,23
1,0,0.86,1.59,-0.38,20
1,1,0.37,5.16,2.75,36
1,0,0.64,0.87,-1.44,22
1,2,0.17,-6.48,-13.16,32
1,1,0.45,1.88,-0.12,39
1,0,0.65,-1.05,-4.01,25
1,0,0.54,3.46,3.46,33
1,0,0.72,0.25,0.25,19
1,0,0.76,4.11,2.07,26
1,2,0.26,-3.09,-3.11,34
1,0,0.54,-2.65,-2.65,19
1,0,0.72,-0.4,-2.12,18
1,0,0.77,1.86,1.12,24
1,0,0.62,0.22,-1.45,30
1,1,0.33,4.62,4.61,33
1,0,0.4,3.81,3.81,27
1,0,0.88,2.51,0.86,24
1,0,0.55,1.74,0.49,15
1,2,0.19,-2.78,-5.12,24
1,0,0.79,3.25,1.94,19
1,0,0.8,0.23,-0.62,19
1,0,0.7,3.54,3.5,25
1,0,0.73,0.85,0.85,27
1,0,0.84,0.54,0.54,27
1,2,0.3,4.17,4.14,42
1,0,0.73,-0.91,-0.91,28
1,1,0.15,4.54,4.54,51
1,0,0.81,1.95,0.07,25
1,1,0.43,3.31,3.15,36
1,1,0.26,2.71,-0.48,41
1,0,0.84,2.34,1.3,22
1,0,0.51,-0.43,-1.05,13
1,0,0.51,-0.43,-1.63,13
1,0,0.8,-1.11,-1.3,29
1,3,0.08,6.76,6.88,61
1,3,0.16,-1.69,-1.7,47
1,0,0.54,0.03,-1.45,11
1,0,0.48,-0.55,-0.66,22
1,3,0.11,4.59,3.93,57
1,0,0.86,2.33,2.32,24
1,0,0.72,0.78,-1.36,16
1,0,0.55,1.74,0.49,15
1,0,0.37,-1.48,-6.83,27
1,0,0.75,-0.87,-0.88,17
1,0,0.36,-3.23,-6.07,33
1,0,0.55,-3.11,-3.11,23
1,0,0.6,0.21,-0.94,15
1,0,0.91,4.07,3.51,20
1,0,0.84,0.74,-1.24,20
1,0,0.64,0.34,-1.32,17
1,1,0.36,2.78,0.72,43
1,1,0.33,-3.29,-3.57,32
1,1,0.21,-4.02,-3.65,35
1,1,0.33,6.0,4.72,35
1,0,0.58,1.19,-0.18,28
1,2,0.13,5.28,3.96,39
1,0,0.28,-1.21,-2.53,16
1,0,0.71,1.32,-0.78,12
1,0,0.69,3.55,1.61,34
1,0,0.52,3.26,2.32,29
1,0,0.89,3.79,1.75,21
1,0,0.85,3.07,1.55,17
1,1,0.37,6.3,4.15,34
1,2,0.38,4.64,4.22,41
1,1,0.45,5.15,3.03,34
1,0,0.54,2.38,-0.4,33
1,0,0.71,1.32,-0.78,12
1,2,0.16,2.01,2.01,42
1,0,0.7,0.87,0.65,27
1,0,0.39,3.44,1.05,32
1,0,0.88,0.08,0.08,26
1,1,0.36,2.82,2.82,38
1,0,0.55,1.23,1.16,33
1,0,0.3,-1.27,-3.99,28
1,0,0.91,0.75,0.75,25
1,1,0.41,-1.52,-5.01,29
1,1,0.46,4.34,4.34,32
1,0,0.68,2.73,1.89,29
1,0,0.62,-1.39,-1.4,16
1,0,0.67,0.31,0.31,13
1,0,0.87,3.44,3.44,20
1,1,0.26,-0.69,-6.93,32
1,0,0.71,3.94,1.09,19
1,0,0.62,-0.07,-1.35,12
1,1,0.33,-2.89,-3.33,33
1,1,0.26,-3.4,-5.11,13
1,0,0.64,0.59,-1.06,27
1,0,0.67,1.0,-0.97,11
1,0,0.49,-0.82,-1.97,24
1,1,0.19,2.79,0.82,55
1,0,0.7,2.74,2.74,25
1,1,0.21,-3.76,-8.79,34
1,1,0.48,0.9,0.87,37
1,2,0.16,3.14,3.14,45
1,2,0.25,3.74,3.14,55
1,0,0.44,2.67,1.15,33
1,0,0.29,-3.04,-3.93,12
1,0,0.56,0.24,-0.99,15
1,0,0.66,0.89,-1.05,11
1,0,0.83,2.96,1.07,16
1,2,0.28,-2.18,-2.25,40
1,4,0.04,-2.69,-3.61,58
1,0,0.33,1.24,-1.72,21
1,0,0.91,2.52,1.3,21
1,0,0.33,-0.92,-2.25,27
1,0,0.65,0.19,1.81,21
1,2,0.16,3.37,2.77,60
1,0,0.76,3.36,3.03,13
1,0,0.26,0.62,-5.71,35
1,2,0.23,-3.18,-6.38,35
1,0,0.69,3.21,1.71,29
1,0,0.65,2.28,2.21,28
1,1,0.21,-3.76,-8.79,34
1,0,0.82,0.73,-0.14,18
1,0,0.83,0.65,0.21,19
1,0,0.8,1.34,-0.45,22
1,0,0.77,3.07,2.99,30
1,0,0.61,-0.05,-1.3,12
1,0,0.44,-2.98,-3.34,28
1,0,0.6,1.89,1.26,24
1,0,0.59,5.39,4.23,32
1,0,0.55,0.24,-1.05,29
1,0,0.52,3.26,2.32,29
1,2,0.09,8.78,3.69,33
1,0,0.61,4.9,4.57,30
1,1,0.32,5.69,5.34,34
1,0,0.87,4.23,2.32,22
1,0,0.47,2.54,0.53,26
1,0,0.6,0.21,-0.94,15
1,0,0.86,3.03,1.2,19
1,0,0.72,1.81,1.28,22
1,0,0.6,1.89,1.26,24
1,1,0.37,2.95,1.51,39
1,0,0.63,0.44,-0.73,16
1,2,0.09,8.78,3.69,33
1,0,0.57,1.53,-0.6,24
1,0,0.28,-1.21,-2.53,16
1,0,0.82,2.45,2.21,25
1,2,0.08,5.64,5.86,59
1,3,0.05,-8.07,-7.8,45
1,2,0.22,7.13,5.61,37
1,0,0.84,3.76,1.99,21
1,2,0.07,7.96,7.58,44
1,1,0.46,3.89,3.8,43
1,2,0.24,2.6,1.57,51
1,0,0.9,2.14,2.14,17
1,3,0.09,-6.6,-6.63,43
1,0,0.88,2.51,0.86,24
1,0,0.61,0.1,0.1,14
1,0,0.59,-0.95,-0.96,12
1,0,0.63,2.14,1.91,33
1,0,0.45,1.5,-0.08,36
1,0,0.53,-3.25,-3.37,9
1,0,0.88,2.51,0.86,24
1,0,0.37,2.07,1.84,32
1,0,0.38,0.6,0.6,30
1,1,0.74,5.12,2.76,24
1,0,0.67,-1.4,-4.89,20
1,0,0.64,-0.58,-0.55,23
1,0,0.88,-0.42,-0.42,25
1,2,0.17,-0.93,-3.58,33
1,2,0.47,3.63,1.68,37
1,0,0.72,-0.4,-2.12,18
1,0,0.78,0.57,-1.28,15
1,0,0.81,1.89,0.71,22
1,1,0.39,5.61,3.31,23
1,2,0.15,-4.16,-6.94,37
1,4,0.04,-2.69,-3.61,58
1,0,0.56,-0.81,-0.84,13
1,0,0.6,1.54,0.07,31
1,0,0.68,-2.14,-2.5,24
1,1,0.43,6.48,4.57,31
1,0,0.42,-0.42,-2.2,4
1,1,0.33,-3.29,-3.57,32
1,0,0.31,4.49,3.01,37
1,2,0.37,5.46,5.1,35
1,2,0.31,4.66,4.65,37
1,1,0.43,2.8,2.76,23
1,0,0.44,4.06,2.82,30
1,0,0.83,3.33,2.74,25
1,0,0.5,-0.26,-0.26,11
1,1,0.2,3.16,2.05,49
1,0,0.91,2.52,1.3,21
1,0,0.72,2.88,2.58,20
1,0,0.47,-3.32,-6.73,17
1,0,0.77,2.9,0.93,19
1,0,0.53,-3.25,-3.37,9
1,0,0.67,-0.52,-1.96,12
1,0,0.89,4.52,3.82,21
1,0,0.91,4.07,3.51,20
1,0,0.73,3.04,2.46,13
1,1,0.77,2.6,2.6,25
1,0,0.89,4.52,3.82,21
1,0,0.74,3.51,2.57,26
1,0,0.56,2.11,2.11,28
1,0,0.6,1.54,0.07,31
1,0,0.81,1.95,0.07,25
1,0,0.65,0.23,-1.07,13
1,0,0.59,1.05,-0.22,17
1,0,0.79,1.26,0.78,21
1,0,0.89,4.52,3.82,21
1,0,0.56,-2.45,-2.81,25
1,1,0.32,-2.25,-2.25,28
1,0,0.81,0.98,0.5,16
1,1,0.34,-5.32,-5.32,27
1,2,0.18,-3.53,-10.64,33
1,0,0.82,-1.79,-1.8,22
1,0,0.85,-0.61,-0.61,27
1,0,0.67,2.03,2.03,30
1,0,0.56,-0.81,-0.84,13
1,1,0.38,4.42,3.76,37
1,2,0.26,3.88,3.94,61
1,0,0.6,1.47,-0.18,30
1,1,0.52,4.77,2.77,34
1,0,0.4,-2.54,-2.61,33
1,3,0.19,4.65,2.85,59
1,0,0.86,3.03,1.2,19
1,0,0.86,-1.01,-1.02,23
1,2,0.26,-3.09,-3.11,34
1,0,0.49,3.55,3.55,31
1,0,0.84,3.76,1.99,21
1,2,0.27,5.36,5.35,39
1,0,0.68,2.55,2.55,21
1,0,0.79,-0.03,-1.68,14
1,0,0.39,-2.42,-2.42,7
1,0,0.64,0.59,-1.06,27
1,0,0.77,1.42,-0.89,21
1,0,0.73,3.35,3.16,22
1,0,0.63,-1.35,-1.34,11
1,2,0.31,1.34,0.91,38
1,0,0.73,-0.91,-0.91,28
1,0,0.69,-2.4,-2.76,24
1,0,0.6,1.89,1.26,24
1,0,0.51,-1.57,-1.57,21
1,2,0.24,2.44,-1.23,52
1,0,0.37,-0.32,-0.99,27
1,2,0.22,-3.27,-3.51,40
1,1,0.56,5.97,4.62,31
1,0,0.33,4.11,4.11,27
1,0,0.37,-2.05,-4.17,28
1,3,0.05,-0.6,-5.25,44
1,0,0.32,-1.27,-4.19,24
1,0,0.71,1.32,-0.78,12
1,1,0.33,-4.19,-6.56,14
1,1,0.39,3.73,3.44,24
1,0,0.82,3.06,0.36,19
1,0,0.83,3.89,1.99,21
1,0,0.37,-2.05,-4.17,28
1,0,0.88,2.04,-0.09,21
1,0,0.83,3.33,2.74,25
1,0,0.36,-2.2,-3.09,23
1,0,0.81,0.52,0.08,18
1,0,0.65,-0.95,-1.76,18
1,0,0.67,2.44,2.44,31
1,0,0.7,0.9,-0.6,21
1,1,0.32,-4.54,-6.91,13
1,0,0.85,1.36,0.13,25
1,4,0.04,1.13,-3.61,58
1,0,0.56,1.47,0.33,22
1,2,0.24,6.03,5.19,42
1,3,0.11,2.95,2.87,59
1,0,0.61,1.92,1.26,21
1,1,0.34,-3.47,-3.7,32
1,1,0.14,0.75,-1.09,32
1,0,0.33,1.24,-1.72,21
1,1,0.44,2.3,2.3,38
1,2,0.13,3.13,1.14,60
1,0,0.48,4.62,3.92,32
1,0,0.31,3.61,1.95,30
1,0,0.59,-1.01,-3.6,14
1,0,0.54,-2.02,-2.93,19
1,0,0.18,-6.27,-17.92,27
1,0,0.67,-1.4,-4.89,20
1,0,0.58,-0.56,-0.56,16
1,0,0.78,0.33,0.12,16
1,0,0.62,-1.55,-1.55,11
1,0,0.28,-2.89,-3.63,11
1,0,0.6,1.43,0.49,31
1,0,0.87,4.23,2.32,22
1,2,0.19,3.6,3.18,54
1,0,0.68,-2.14,-2.5,24
1,0,0.8,0.79,0.0,17
1,0,0.8,2.68,1.25,16
1,0,0.52,3.42,3.42,35
1,0,0.75,1.19,-0.73,26
1,0,0.44,1.04,0.65,27
1,2,0.13,0.24,-5.49,37
1,0,0.74,2.7,2.7,22
1,0,0.55,-1.92,-2.28,27
1,0,0.83,3.54,1.64,23
1,2,0.24,2.6,1.57,51
1,0,0.64,0.63,-0.85,26
1,0,0.79,3.25,1.94,19
1,1,0.38,-1.29,-1.29,17
1,3,0.11,9.21,9.2,52
1,1,0.33,-0.88,-0.92,40
1,0,0.31,-5.56,-5.57,27
1,0,0.84,0.64,-1.14,23
1,0,0.45,1.5,-0.08,36
1,0,0.68,-0.26,-1.2,14
1,0,0.6,-2.19,-2.19,9
1,1,0.18,-5.77,-5.77,23
1,0,0.88,1.44,-0.34,23
1,0,0.34,-5.9,-5.92,14
1,0,0.58,4.89,4.75,36
1,0,0.64,2.38,0.91,32
1,2,0.28,5.81,3.38,38
1,2,0.26,1.46,-0.52,40
1,0,0.79,1.21,1.12,22
1,0,0.33,1.51,1.06,36
1,1,0.52,3.95,1.95,33
1,0,0.55,3.21,2.37,29
1,0,0.79,2.47,0.96,22
1,0,0.58,5.77,3.09,33
1,2,0.23,4.19,3.97,54
1,0,0.56,2.11,2.11,28
1,0,0.88,2.51,0.86,24
1,0,0.41,1.06,0.04,25
1,0,0.58,-0.59,-1.53,14
1,0,0.75,3.17,2.6,14
1,0,0.8,0.23,-0.18,19
1,0,0.53,-1.52,-1.91,29
1,1,0.19,2.79,0.82,55
1,0,0.59,1.05,-0.22,17
1,0,0.64,0.24,-1.38,17
1,0,0.89,1.73,0.79,22
1,2,0.24,2.6,1.57,51
1,0,0.7,0.9,-0.6,21
1,2,0.24,3.94,3.66,44
1,0,0.67,-2.31,-2.66,24
1,0,0.8,0.05,0.05,20
1,1,0.34,-3.47,-3.7,32
1,2,0.14,1.33,1.33,37
1,1,0.2,1.92,-1.2,39
1,1,0.26,-2.98,-7.66,33
1,1,0.29,2.76,2.76,38
1,0,0.75,3.45,3.44,19
1,0,0.87,3.19,2.96,18
1,0,0.71,1.32,-0.78,12
1,0,0.77,1.94,1.94,16
1,0,0.82,3.06,0.36,19
1,0,0.46,-4.0,-4.01,10
1,2,0.14,2.95,0.46,58
1,2,0.2,4.04,3.62,57
1,0,0.56,3.09,2.6,29
1,0,0.47,-3.32,-6.73,17
1,1,0.74,5.12,2.76,24
1,0,0.84,2.34,1.3,22
1,0,0.74,3.51,2.57,26
1,0,0.59,1.95,0.29,31
1,0,0.55,-2.91,-3.13,12
1,0,0.54,1.6,-0.03,31
1,3,0.17,-2.3,-2.31,65
1,0,0.52,4.15,4.15,28
1,0,0.8,2.48,2.48,23
1,1,0.53,5.04,2.73,30
1,0,0.69,-0.07,-0.07,28
1,2,0.22,4.47,3.05,40
1,3,0.05,-0.6,-5.25,44
1,1,0.37,2.65,2.61,36
1,0,0.56,-4.35,-4.36,26
1,0,0.82,-0.5,-0.5,29
1,0,0.22,-3.8,-3.8,20
1,0,0.57,0.8,-1.8,10
1,1,0.55,0.32,0.2,35
1,3,0.18,-1.94,-1.94,65
1,0,0.67,3.61,3.36,29
1,3,0.11,-8.31,-13.96,42
1,0,0.44,2.67,1.15,33
1,1,0.14,0.75,-1.09,32
1,0,0.78,1.43,1.43,17
1,0,0.8,1.62,1.04,24
1,0,0.49,-2.15,-2.15,9
1,0,0.54,-1.08,-1.08,18
1,0,0.87,0.6,-1.52,23
1,1,0.2,1.92,-1.2,39
1,0,0.79,0.22,-0.7,23
1,0,0.7,0.87,0.65,27
1,0,0.65,-0.29,-0.29,20
1,0,0.53,0.39,0.39,22
1,1,0.4,2.43,2.43,35
1,0,0.89,3.79,1.75,21
1,0,0.52,1.35,1.19,20
1,2,0.17,-0.13,-2.62,41
1,0,0.8,2.68,1.25,16
1,0,0.72,1.77,1.77,12
1,1,0.28,-2.12,-2.12,23
1,0,0.66,0.89,-1.05,11
1,2,0.11,7.18,7.17,65
1,0,0.31,1.88,1.88,33
1,0,0.54,-1.65,-1.69,15
1,0,0.46,4.59,4.59,33
1,0,0.55,-2.31,-2.67,25
1,0,0.64,2.83,2.74,31
1,0,0.69,1.76,0.38,31
1,0,0.7,3.83,3.07,26
1,0,0.46,3.75,0.06,30
1,3,0.24,0.53,0.1,39
1,0,0.68,-0.26,-1.2,14
1,2,0.11,5.22,5.22,50
1,4,0.09,3.7,3.78,63
1,0,0.77,2.43,2.43,24
1,3,0.09,-6.1,-14.22,41
1,0,0.85,2.84,2.33,17
1,1,0.33,-3.51,-3.81,32
1,0,0.83,2.62,0.86,25
1,0,0.35,1.47,1.25,32
1,0,0.21,2.91,2.28,30
1,1,0.33,3.69,3.55,32
1,2,0.26,1.46,-0.52,40
1,0,0.4,-1.19,-2.34,28
1,0,0.88,2.51,0.86,24
1,0,0.75,3.45,3.44,19
1,0,0.57,-2.47,-2.47,17
1,0,0.54,1.6,-0.03,31
1,0,0.55,-2.31,-2.67,25
1,1,0.31,3.65,3.64,39
1,0,0.66,1.82,0.51,21
1,0,0.31,-2.48,-4.86,19
1,1,0.29,0.43,-5.55,31
1,0,0.91,3.46,1.97,20
1,1,0.21,1.8,1.75,42
1,2,0.35,3.66,2.49,40
1,3,0.14,8.17,6.9,45
1,0,0.73,0.55,0.55,27
1,0,0.65,0.19,1.81,21
1,3,0.24,0.53,0.1,39
1,1,0.47,4.71,3.53,33
1,0,0.13,0.87,0.84,34
1,0,0.46,3.76,2.34,34
1,0,0.54,-0.16,-0.16,20
1,0,0.35,-0.94,-3.61,25
1,1,0.36,2.82,2.82,38
1,3,0.09,-7.35,-12.52,40
1,0,0.33,-3.19,-3.6,14
1,4,0.04,1.13,-3.61,58
1,1,0.28,-2.12,-2.12,23
1,0,0.44,2.41,2.42,34
1,0,0.42,2.89,0.7,28
1,0,0.77,0.52,0.59,27
1,0,0.41,1.06,0.04,25
1,0,0.53,2.84,2.23,20
1,2,0.13,0.52,0.48,51
1,3,0.04,-10.11,-16.6,40
1,1,0.33,6.0,4.72,35
1,0,0.74,3.83,3.67,28
1,0,0.51,-0.43,-1.63,13
1,0,0.34,-3.75,-3.76,12
1,0,0.47,-0.68,-1.82,12
1,0,0.39,-4.75,-5.75,23
1,0,0.51,2.9,2.75,30
1,3,0.24,0.53,0.1,39
1,0,0.7,0.87,0.65,27
1,0,0.84,1.03,0.16,23
1,0,0.57,1.5,-0.72,27
1,0,0.54,1.41,1.18,17
1,1,0.26,2.71,-0.48,41
1,0,0.58,1.96,0.31,32
1,0,0.56,3.09,2.6,29
1,0,0.67,2.44,2.44,31
1,0,0.36,3.07,3.07,31
1,0,0.83,2.96,1.07,16
1,0,0.64,2.74,2.29,33
1,0,0.55,-1.92,-2.28,27
1,0,0.53,1.02,0.92,32
1,0,0.8,0.47,-0.05,19
1,0,0.66,2.33,2.33,14
1,0,0.86,2.63,0.7,21
1,0,0.49,3.16,2.16,28
1,0,0.75,2.81,2.67,30
1,0,0.23,-0.11,-0.22,17
1,1,0.21,-4.02,-3.65,35
1,2,0.06,-3.37,-3.64,39
1,0,0.62,-0.66,-1.78,17
1,0,0.5,-1.19,-1.19,18
1,1,0.46,4.34,4.34,32
1,0,0.82,2.45,2.21,25
1,2,0.27,3.24,2.22,52
1,2,0.24,4.54,3.24,41
1,0,0.41,1.06,0.04,25
1,0,0.47,2.54,0.53,26
1,0,0.54,1.41,1.18,17
1,0,0.83,2.62,0.86,25
1,1,0.4,2.99,-0.21,20
1,0,0.88,0.08,0.08,26
1,0,0.29,-0.24,-6.56,33
1,2,0.31,4.66,4.65,37
1,0,0.64,0.34,-1.32,17
1,0,0.43,-2.71,-2.73,15
1,2,0.24,3.23,2.32,45
1,2,0.28,-2.18,-2.25,40
1,1,0.15,1.67,0.69,35
1,0,0.77,2.43,2.43,24
1,0,0.52,0.83,-2.23,11
1,2,0.13,7.9,6.25,50
1,0,0.57,0.44,-0.78,16
1,1,0.52,3.07,3.07,40
1,1,0.6,3.8,2.32,25
1,1,0.35,2.79,2.57,40
1,0,0.75,1.19,-0.73,26
1,1,0.33,-3.17,-3.61,32
1,3,0.11,-8.58,-15.1,40
1,0,0.67,-2.0,-2.36,24
1,1,0.33,-3.17,-3.61,32
1,1,0.43,2.8,2.76,23
1,0,0.71,2.58,2.39,30
1,0,0.43,-3.85,-7.39,16
1,0,0.58,-0.25,-0.25,11
1,0,0.69,1.06,1.06,30
1,2,0.17,-7.06,-12.2,33
1,0,0.61,1.48,0.24,24
1,0,0.63,1.14,-0.28,15
1,1,0.35,2.43,1.13,42
1,0,0.43,3.67,3.67,24
1,0,0.38,3.76,2.82,35
1,2,0.23,5.67,5.67,46
1,0,0.46,-2.61,-2.62,7
1,0,0.39,4.73,3.42,34
1,1,0.46,3.89,3.8,43
1,2,0.13,1.36,0.34,46
1,1,0.43,2.6,2.17,43
1,0,0.55,2.04,0.47,28
1,1,0.41,-1.52,-5.01,29
1,0,0.89,3.79,1.87,21
1,0,0.8,2.48,2.48,23
1,0,0.74,3.23,1.31,18
1,2,0.17,-0.13,-2.62,41
1,2,0.21,2.35,2.35,44
1,0,0.36,-2.2,-3.09,23
1,0,0.83,3.89,1.99,21
1,0,0.78,0.57,-1.28,15
1,0,0.45,1.68,0.27,34
1,2,0.4,1.58,1.41,48
1,0,0.53,-1.52,-1.91,29
1,2,0.13,1.36,0.34,46
1,0,0.55,3.93,3.22,29
1,1,0.38,-1.29,-1.29,17
1,0,0.43,4.65,3.61,31
1,2,0.22,-3.27,-3.51,40
1,0,0.74,0.46,0.12,27
1,3,0.09,-7.35,-12.52,40
1,0,0.68,2.18,2.17,26
1,0,0.58,2.55,-1.48,27
1,0,0.76,0.06,-1.99,27
1,0,0.88,2.29,1.07,19
1,0,0.87,3.19,2.96,18
1,0,0.31,-2.48,-4.86,19
1,2,0.06,6.05,4.91,53
1,0,0.54,-2.65,-2.65,19
1,1,0.33,4.72,4.09,40
1,0,0.77,2.43,2.43,24
1,0,0.85,1.36,0.13,25
1,0,0.44,4.06,2.82,30
1,0,0.39,4.38,3.8,37
1,0,0.55,2.52,2.52,30
1,0,0.83,3.2,3.2,18
1,0,0.52,-1.76,-1.89,10
1,1,0.21,-3.76,-8.79,34
1,2,0.3,4.31,4.28,37
1,0,0.62,5.47,5.47,28
1,2,0.18,-3.53,-10.64,33
1,0,0.57,1.82,1.8,35
1,2,0.16,0.15,-2.91,42
1,0,0.86,1.59,-0.38,20
1,2,0.13,-1.0,-5.53,36
1,0,0.68,0.14,0.14,30
1,1,0.21,-3.76,-8.79,34
1,1,0.3,5.44,5.41,38
1,0,0.45,3.63,3.63,30
1,2,0.08,5.64,5.86,59
1,1,0.19,2.49,1.77,55
1,1,0.36,4.74,4.18,41
1,0,0.75,3.03,3.03,25
1,0,0.86,2.33,2.32,24
1,0,0.86,-0.99,-0.99,23
1,0,0.21,-4.22,-3.45,32
1,2,0.22,7.13,5.61,37
1,2,0.07,7.96,7.58,44
1,0,0.54,-2.65,-2.65,19
1,1,0.26,-2.98,-7.66,33
1,0,0.73,0.55,0.55,27
1,0,0.28,-3.04,-3.22,35
1,2,0.24,6.03,5.19,42
1,1,0.35,3.5,3.5,43
1,2,0.23,5.58,2.83,41
1,0,0.65,-1.05,-4.01,25
1,0,0.42,-0.42,-2.2,4
1,0,0.93,1.24,1.19,23
1,0,0.46,4.59,4.59,33
1,1,0.32,3.4,1.0,19
1,0,0.69,3.21,1.71,29
1,0,0.58,1.19,-0.18,28
1,2,0.26,4.9,4.9,53
1,1,0.58,2.65,2.65,32
1,2,0.1,5.57,5.57,65
1,0,0.83,3.3,2.61,27
1,0,0.26,3.6,1.93,32
1,0,0.77,2.43,2.43,24
1,0,0.49,2.09,1.86,34
